date,message_count,unique_topics,total_message_size
2025-12-26,19133,0,5965560
2025-12-27,18983,0,5963760
2025-12-28,18926,0,5962080
2025-12-29,19174,0,5965720
2025-12-30,18981,0,5964400
2025-12-31,19125,0,5966460
2026-01-01,19095,0,5965768
2026-01-02,19490,0,5967188
2026-01-03,19232,0,5967744
2026-01-04,19509,0,5969408
2026-01-05,19705,0,5973088
2026-01-06,19555,0,5971288
2026-01-07,19271,0,5967548
2026-01-08,19377,0,5969484
2026-01-09,19313,0,5968052
2026-01-10,19255,0,5967356
2026-01-11,19077,0,5965220
2026-01-12,19081,0,5964936
2026-01-13,19309,0,5954392
2026-01-14,19085,0,5949380
2026-01-15,19013,0,5944532
2026-01-16,19024,0,5953628
2026-01-17,19148,0,5957108
2026-01-18,19069,0,5954500
2026-01-19,19013,0,5955156
2026-01-20,19090,0,5958736
2026-01-21,17305,0,5356980
2026-01-22,19059,0,5956040
2026-01-23,19291,0,5954176
2026-01-24,19197,0,5954044
2026-01-25,19216,0,5957260
2026-01-26,19121,0,5945496
2026-01-27,19085,0,5956684
2026-01-28,19144,0,5936476
2026-01-29,19279,0,5954032
2026-01-30,19361,0,5963980
2026-01-31,19159,0,5942632
2026-02-01,19180,0,5959816
2026-02-02,19134,0,5937352
2026-02-03,19196,0,5962664
2026-02-04,18486,0,5725064
2026-02-05,18133,0,5610604
2026-02-06,18897,0,5822624
2026-02-07,19107,0,5939020
2026-02-08,19297,0,5966200
2026-02-09,19219,0,5962608
2026-02-10,19345,0,5964452
2026-02-11,19248,0,5963288
2026-02-12,19371,0,5963104
2026-02-13,19365,0,5965356
2026-02-14,19590,0,5970048
2026-02-15,19334,0,5965648
2026-02-16,19303,0,5964944
2026-02-17,19229,0,5963724
2026-02-18,19156,0,5922012
2026-02-19,17470,0,5381868
2026-02-20,19436,0,5960232
2026-02-21,19140,0,5942404
2026-02-22,18837,0,5870044
2026-02-23,19123,0,5950832
2026-02-24,19149,0,5957784
2026-02-25,18741,0,5764644
2026-02-26,19272,0,5954944
2026-02-27,19302,0,5959952
2026-02-28,18976,0,5955376
2026-03-01,19213,0,5961208
2026-03-02,19275,0,5959960
2026-03-03,19090,0,5949772
2026-03-04,19428,0,5960468
2026-03-05,19204,0,5962428
2026-03-06,19095,0,5958132
2026-03-07,19082,0,5954656
2026-03-08,18981,0,5952780
2026-03-09,19208,0,5954176
2026-03-10,19270,0,5959900
2026-03-11,19267,0,5959864
2026-03-12,19431,0,6043592
2026-03-13,20014,0,6125460
2026-03-14,19677,0,6104192
2026-03-15,19422,0,5964712
2026-03-16,19721,0,5995876
2026-03-17,19890,0,6121768
2026-03-18,19686,0,6088132
2026-03-19,19666,0,6103244
2026-03-20,19621,0,6101688
2026-03-21,19242,0,6004032
2026-03-22,19635,0,6123092
2026-03-23,19786,0,6132668
2026-03-24,21932,0,6174744
2026-03-25,21536,0,5117408
2026-03-26,29722,0,5734160
2026-03-27,29666,0,5709932
2026-03-28,27912,0,5328632
2026-03-29,40028,0,23969240
2026-03-30,30580,0,5563752
2026-03-31,28588,0,5412264
2026-04-01,47784,0,12804540
2026-04-02,38755,0,11946764
2026-04-03,51296,0,17810680
2026-04-04,46916,0,17759052
2026-04-05,41268,0,16113552
2026-04-06,26718,0,5579128
2026-04-07,28216,0,6260912
2026-04-08,31869,0,6838656
2026-04-09,32412,0,6426320
2026-04-10,31968,12,6330028
